{"records": {"006129591": {"recordURL": "http://catalog.hathitrust.org/Record/006129591", "oclcs": ["844319"], "publishDates": ["1908"], "lccns": [], "titles": ["The animal mind; a text-book of comparative psychology.", "animal mind; a text-book of comparative psychology."], "isbns": [], "marc-xml": "<?xml version=\"1.0\" encoding=\"UTF-8\"?><collection><record><leader>00866nam a22002531  4500</leader><controlfield tag=\"001\">006129591</controlfield><controlfield tag=\"003\">MiAaHDL</controlfield><controlfield tag=\"005\">20101208000000.0</controlfield><controlfield tag=\"006\">m        d        </controlfield><controlfield tag=\"007\">cr bn ---auaua</controlfield><controlfield tag=\"008\">870522c1908    nyu      b    000|0 eng u</controlfield><datafield tag=\"035\" ind1=\" \" ind2=\" \"><subfield code=\"a\">sdr-ia-nrlf.b139939398</subfield></datafield><datafield tag=\"035\" ind1=\" \" ind2=\" \"><subfield code=\"a\">sdr-nrlfGLAD84069216-B</subfield></datafield><datafield tag=\"035\" ind1=\" \" ind2=\" \"><subfield code=\"a\">sdr-njp2277326</subfield></datafield><datafield tag=\"035\" ind1=\" \" ind2=\" \"><subfield code=\"a\">GLADN84069216</subfield></datafield><datafield tag=\"040\" ind1=\" \" ind2=\" \"><subfield code=\"a\"></subfield><subfield code=\"c\">DNU</subfield><subfield code=\"d\">CUY</subfield></datafield><datafield tag=\"079\" ind1=\" \" ind2=\" \"><subfield code=\"a\">844319</subfield></datafield><datafield tag=\"090\" ind1=\" \" ind2=\" \"><subfield code=\"a\">QL785</subfield><subfield code=\"b\">.W3</subfield></datafield><datafield tag=\"035\" ind1=\" \" ind2=\" \"><subfield code=\"a\">(OCoLC)844319</subfield></datafield><datafield tag=\"100\" ind1=\"1\" ind2=\"0\"><subfield code=\"a\">Washburn, Margaret Floy,</subfield><subfield code=\"d\">1871-1939.</subfield></datafield><datafield tag=\"245\" ind1=\"1\" ind2=\"4\"><subfield code=\"a\">The animal mind;</subfield><subfield code=\"b\">a text-book of comparative psychology.</subfield></datafield><datafield tag=\"260\" ind1=\"0\" ind2=\" \"><subfield code=\"a\">New York,</subfield><subfield code=\"b\">The Macmillan company,</subfield><subfield code=\"c\">1908 .</subfield></datafield><datafield tag=\"300\" ind1=\" \" ind2=\" \"><subfield code=\"a\">x, 333 p.</subfield></datafield><datafield tag=\"490\" ind1=\"0\" ind2=\" \"><subfield code=\"a\">The animal behavior series ;</subfield><subfield code=\"v\">v. 2</subfield></datafield><datafield tag=\"504\" ind1=\" \" ind2=\" \"><subfield code=\"a\">Bibliography: p. 295-323.</subfield></datafield><datafield tag=\"538\" ind1=\" \" ind2=\" \"><subfield code=\"a\">Mode of access: Internet.</subfield></datafield><datafield tag=\"650\" ind1=\" \" ind2=\"0\"><subfield code=\"a\">Animal intelligence.</subfield></datafield><datafield tag=\"650\" ind1=\" \" ind2=\"0\"><subfield code=\"a\">Psychology, Comparative.</subfield></datafield><datafield tag=\"CID\" ind1=\" \" ind2=\" \"><subfield code=\"a\">006129591</subfield></datafield><datafield tag=\"DAT\" ind1=\"0\" ind2=\" \"><subfield code=\"a\">19100210000000.0</subfield><subfield code=\"b\">20101208000000.0</subfield></datafield><datafield tag=\"DAT\" ind1=\"1\" ind2=\" \"><subfield code=\"a\">20120814095159.0</subfield><subfield code=\"b\">2013-08-10T23:44:11Z</subfield></datafield><datafield tag=\"DAT\" ind1=\"2\" ind2=\" \"><subfield code=\"a\">2011-02-13T08:30:14Z</subfield></datafield><datafield tag=\"CAT\" ind1=\" \" ind2=\" \"><subfield code=\"a\">SDR-IA-NRLF</subfield><subfield code=\"d\">III - MILLENIUM</subfield><subfield code=\"l\">loader.pl-001-001</subfield></datafield><datafield tag=\"FMT\" ind1=\" \" ind2=\" \"><subfield code=\"a\">BK</subfield></datafield><datafield tag=\"HOL\" ind1=\" \" ind2=\" \"><subfield code=\"0\">sdr-ia-nrlf.b139939398</subfield><subfield code=\"a\">uc2</subfield><subfield code=\"b\">SDR</subfield><subfield code=\"c\">INRLF</subfield><subfield code=\"p\">uc2.ark:/13960/t5w66bs1h</subfield><subfield code=\"s\">UC</subfield><subfield code=\"1\">.b139939398</subfield><subfield code=\"8\">ia.animalmindtextbo00washrich</subfield></datafield><datafield tag=\"974\" ind1=\" \" ind2=\" \"><subfield code=\"8\">ia.animalmindtextbo00washrich</subfield><subfield code=\"b\">UC</subfield><subfield code=\"c\">INRLF</subfield><subfield code=\"d\">20130810</subfield><subfield code=\"s\">ia</subfield><subfield code=\"u\">uc2.ark:/13960/t5w66bs1h</subfield><subfield code=\"r\">pd</subfield></datafield><datafield tag=\"974\" ind1=\" \" ind2=\" \"><subfield code=\"b\">UC</subfield><subfield code=\"c\">NRLF</subfield><subfield code=\"d\">20130804</subfield><subfield code=\"s\">google</subfield><subfield code=\"u\">uc1.b3301032</subfield><subfield code=\"r\">pd</subfield></datafield><datafield tag=\"974\" ind1=\" \" ind2=\" \"><subfield code=\"b\">NJP</subfield><subfield code=\"c\">NJP</subfield><subfield code=\"d\">20131013</subfield><subfield code=\"s\">google</subfield><subfield code=\"u\">njp.32101063553950</subfield><subfield code=\"r\">pd</subfield></datafield></record></collection>", "issns": []}}, "items": [{"lastUpdate": "20131013", "htid": "njp.32101063553950", "itemURL": "http://hdl.handle.net/2027/njp.32101063553950", "enumcron": false, "rightsCode": "pd", "usRightsString": "Full view", "fromRecord": "006129591", "orig": "Princeton University"}, {"lastUpdate": "20130804", "htid": "uc1.b3301032", "itemURL": "http://hdl.handle.net/2027/uc1.b3301032", "enumcron": false, "rightsCode": "pd", "usRightsString": "Full view", "fromRecord": "006129591", "orig": "University of California"}, {"lastUpdate": "20130810", "htid": "uc2.ark:/13960/t5w66bs1h", "itemURL": "http://hdl.handle.net/2027/uc2.ark:/13960/t5w66bs1h", "enumcron": false, "rightsCode": "pd", "usRightsString": "Full view", "fromRecord": "006129591", "orig": "University of California"}]}